,elapsedTime,peakExecutionMemory,type
0,4003.3333333333335,6920601600.0,mean
1,71.40028011149536,0.0,std
