,elapsedTime,peakExecutionMemory,type
0,28974.777777777777,8388608000.0,mean
1,521.6550051944719,0.0,std
