,elapsedTime,peakExecutionMemory,type
0,632973.1111111111,53687091200.0,mean
1,1344.2535516453402,0.0,std
