,elapsedTime,peakExecutionMemory,type
0,2193.6666666666665,13642498048.0,mean
1,169.00517743548568,0.0,std
