,elapsedTime,peakExecutionMemory,type
0,269080.3333333333,53687091200.0,mean
1,931.8358224494269,0.0,std
