,elapsedTime,peakExecutionMemory,type
0,2018.5555555555557,6814171136.0,mean
1,38.409344927735724,0.0,std
