,elapsedTime,peakExecutionMemory,type
0,3804.8888888888887,13642498048.0,mean
1,56.86924574065591,0.0,std
