,elapsedTime,peakExecutionMemory,type
0,1427.5555555555557,6727794688.0,mean
1,45.836969552728696,0.0,std
