,elapsedTime,peakExecutionMemory,type
0,28667.666666666668,22701670400.0,mean
1,191.4392854144624,0.0,std
