,elapsedTime,peakExecutionMemory,type
0,5885.222222222223,6920601600.0,mean
1,93.63196272878426,0.0,std
