,elapsedTime,peakExecutionMemory,type
0,52347.555555555555,8388608000.0,mean
1,503.3381346349368,0.0,std
