,elapsedTime,peakExecutionMemory,type
0,1217.111111111111,13451329536.0,mean
1,145.45570154212282,0.0,std
