,elapsedTime,peakExecutionMemory,type
0,13483.666666666666,15125708800.0,mean
1,167.4902982264943,0.0,std
