,elapsedTime,peakExecutionMemory,type
0,3178.8888888888887,6814171136.0,mean
1,80.92503389626174,0.0,std
