,elapsedTime,peakExecutionMemory,type
0,18248.555555555555,22701670400.0,mean
1,175.13359979677736,0.0,std
