,elapsedTime,peakExecutionMemory,type
0,177343.66666666666,87660953600.0,mean
1,574.5659231106557,0.0,std
