,elapsedTime,peakExecutionMemory,type
0,1012.6666666666666,13451329536.0,mean
1,27.95979256003163,0.0,std
