,elapsedTime,peakExecutionMemory,type
0,1017.8888888888889,6723993600.0,mean
1,49.649885308136525,0.0,std
