,elapsedTime,peakExecutionMemory,type
0,2222.5555555555557,6723993600.0,mean
1,914.1950162726647,0.0,std
