,elapsedTime,peakExecutionMemory,type
0,2049.5555555555557,13642498048.0,mean
1,30.418378947238097,0.0,std
