,elapsedTime,peakExecutionMemory,type
0,12902.333333333334,15125708800.0,mean
1,127.214385978945,0.0,std
