,elapsedTime,peakExecutionMemory,type
0,2166.222222222222,6814171136.0,mean
1,112.47308319969027,0.0,std
