,elapsedTime,peakExecutionMemory,type
0,173107.11111111112,87660953600.0,mean
1,614.5812485840347,0.0,std
