,elapsedTime,peakExecutionMemory,type
0,28618.11111111111,8388608000.0,mean
1,328.3871360317135,0.0,std
