,elapsedTime,peakExecutionMemory,type
0,4273.555555555556,6920601600.0,mean
1,177.63031210291157,0.0,std
