,elapsedTime,peakExecutionMemory,type
0,118373.77777777778,47395635200.0,mean
1,422.7678966577813,0.0,std
