,elapsedTime,peakExecutionMemory,type
0,435521.55555555556,47395635200.0,mean
1,3858.6448434363297,0.0,std
