,elapsedTime,peakExecutionMemory,type
0,19034.666666666668,22701670400.0,mean
1,207.96213597672053,0.0,std
