,elapsedTime,peakExecutionMemory,type
0,274276.55555555556,53687091200.0,mean
1,802.2361109908838,0.0,std
