,elapsedTime,peakExecutionMemory,type
0,1900.111111111111,6727794688.0,mean
1,371.6770925294039,0.0,std
