,elapsedTime,peakExecutionMemory,type
0,122760.66666666667,47395635200.0,mean
1,566.1316101402571,0.0,std
