,elapsedTime,peakExecutionMemory,type
0,914.7777777777778,13451329536.0,mean
1,19.810210610804834,0.0,std
