,elapsedTime,peakExecutionMemory,type
0,32453.333333333332,15125708800.0,mean
1,287.4286868077019,0.0,std
