,elapsedTime,peakExecutionMemory,type
0,1302.4444444444443,6727794688.0,mean
1,37.990495887495044,0.0,std
